{"stats":{"minecraft:used":{"minecraft:stone_axe":1,"minecraft:crafting_table":1,"minecraft:stone_pickaxe":45,"minecraft:wooden_pickaxe":16},"minecraft:picked_up":{"minecraft:crafting_table":1,"minecraft:raw_iron":4,"minecraft:stick":4,"minecraft:spruce_sapling":4,"minecraft:spruce_log":9,"minecraft:coal":21,"minecraft:cobblestone":36},"minecraft:crafted":{"minecraft:stone_sword":1,"minecraft:stone_shovel":1,"minecraft:stone_axe":1,"minecraft:crafting_table":1,"minecraft:spruce_planks":36,"minecraft:stick":16,"minecraft:wooden_pickaxe":1,"minecraft:stone_pickaxe":1},"minecraft:mined":{"minecraft:coal_ore":21,"minecraft:iron_ore":4,"minecraft:spruce_leaves":2,"minecraft:spruce_log":9,"minecraft:stone":36,"minecraft:crafting_table":1},"minecraft:custom":{"minecraft:time_since_rest":11865,"minecraft:crouch_one_cm":876,"minecraft:play_time":11865,"minecraft:sprint_one_cm":5797,"minecraft:damage_taken":20,"minecraft:walk_one_cm":6089,"minecraft:sneak_time":602,"minecraft:jump":83,"minecraft:time_since_death":11865,"minecraft:total_world_time":11865,"minecraft:interact_with_crafting_table":2,"minecraft:fall_one_cm":3152,"minecraft:fly_one_cm":7871}},"DataVersion":3955}