{"stats":{"minecraft:dropped":{"minecraft:snowball":2},"minecraft:used":{"minecraft:stone_sword":4,"minecraft:snow_block":7,"minecraft:stone_pickaxe":82,"minecraft:stone_shovel":11,"minecraft:wooden_pickaxe":16,"minecraft:stone_axe":9,"minecraft:dirt":3,"minecraft:crafting_table":3,"minecraft:furnace":2},"minecraft:crafted":{"minecraft:stone_shovel":1,"minecraft:shield":1,"minecraft:crafting_table":1,"minecraft:spruce_planks":36,"minecraft:stick":16,"minecraft:iron_ingot":4,"minecraft:wooden_pickaxe":1,"minecraft:iron_pickaxe":1,"minecraft:stone_pickaxe":1,"minecraft:stone_sword":1,"minecraft:snow_block":7,"minecraft:furnace":2,"minecraft:stone_axe":1,"minecraft:air":0},"minecraft:picked_up":{"minecraft:stick":4,"minecraft:raw_iron":4,"minecraft:crafting_table":3,"minecraft:spruce_sapling":4,"minecraft:spruce_log":15,"minecraft:dirt":3,"minecraft:coal":35,"minecraft:snowball":30,"minecraft:cobblestone":57,"minecraft:furnace":2},"minecraft:mined":{"minecraft:furnace":2,"minecraft:iron_ore":4,"minecraft:snow_block":7,"minecraft:snow":2,"minecraft:spruce_log":15,"minecraft:crafting_table":3,"minecraft:coal_ore":35,"minecraft:dirt":3,"minecraft:spruce_leaves":5,"minecraft:stone":57},"minecraft:custom":{"minecraft:time_since_rest":23865,"minecraft:interact_with_furnace":5,"minecraft:sprint_one_cm":14545,"minecraft:damage_taken":105,"minecraft:walk_one_cm":12565,"minecraft:mob_kills":1,"minecraft:drop":2,"minecraft:damage_dealt":200,"minecraft:fly_one_cm":17890,"minecraft:interact_with_crafting_table":5,"minecraft:crouch_one_cm":1135,"minecraft:play_time":23865,"minecraft:sneak_time":816,"minecraft:jump":175,"minecraft:time_since_death":23865,"minecraft:total_world_time":23865,"minecraft:fall_one_cm":6412},"minecraft:killed":{"minecraft:zombie":1}},"DataVersion":3955}